  step,            time,            ax,            ay,            az,            bx,            by,            bz,            cx,            cy,            cz,             a,             b,             c
            1,  0.400000E-02,  0.207715E+02,  0.000000E+00,  0.000000E+00,  0.000000E+00,  0.207715E+02,  0.000000E+00,  0.000000E+00,  0.000000E+00,  0.207715E+02,  0.207715E+02,  0.207715E+02,  0.207715E+02
            2,  0.900000E-02,  0.207710E+02,  0.000000E+00,  0.000000E+00,  0.000000E+00,  0.207710E+02,  0.000000E+00,  0.000000E+00,  0.000000E+00,  0.207710E+02,  0.207710E+02,  0.207710E+02,  0.207710E+02
