  step,            time,            ax,            ay,            az,            bx,            by,            bz,            cx,            cy,            cz,             a,             b,             c
            1,  0.999000E-03,  0.221998E+02,  0.000000E+00,  0.000000E+00,  0.000000E+00,  0.221998E+02,  0.000000E+00,  0.000000E+00,  0.000000E+00,  0.221998E+02,  0.221998E+02,  0.221998E+02,  0.221998E+02
