  step,            time,            ax,            ay,            az,            bx,            by,            bz,            cx,            cy,            cz,             a,             b,             c
            1,  0.100000E-08,  0.210015E+02,  0.000000E+00,  0.000000E+00,  0.000000E+00,  0.210015E+02,  0.000000E+00,  0.000000E+00,  0.000000E+00,  0.210015E+02,  0.210015E+02,  0.210015E+02,  0.210015E+02
