  step,            time,            ax,            ay,            az,            bx,            by,            bz,            cx,            cy,            cz,             a,             b,             c
            1,  0.990000E-04,  0.221906E+02,  0.000000E+00,  0.000000E+00,  0.000000E+00,  0.221906E+02,  0.000000E+00,  0.000000E+00,  0.000000E+00,  0.221906E+02,  0.221906E+02,  0.221906E+02,  0.221906E+02
