     step,          time,         volume,      temperature,    pressure,      kinetic,       potential,      energy,       density
            1,  0.900000E-08,  0.927908E+04,  0.108054E+05,  0.441574E+10,  0.298123E+05,  0.177092E+09,  0.177121E+09,  0.996212E+00
