     step,          time,         volume,      temperature,    pressure,      kinetic,       potential,      energy,       density
            1,  0.900000E-08,  0.927907E+04,  0.108053E+05,  0.441054E+10,  0.298118E+05,  0.176832E+09,  0.176862E+09,  0.996213E+00
