     step,          time,         volume,      temperature,    pressure,      kinetic,       potential,      energy,       density
            1,  0.400000E-02,  0.896191E+04,  0.209366E+03, -0.609431E+04,  0.577642E+03, -0.341713E+04, -0.283949E+04,  0.103147E+01
            2,  0.900000E-02,  0.896126E+04,  0.211954E+03,  0.549766E+04,  0.584782E+03, -0.342412E+04, -0.283934E+04,  0.103154E+01
