     step,          time,         volume,      temperature,    pressure,      kinetic,       potential,      energy,       density
            1,  0.990000E-04,  0.920733E+04,  0.358902E+03, -0.466405E+03,  0.990214E+03, -0.352777E+04, -0.253755E+04,  0.100398E+01
