     step,          time,         volume,      temperature,    pressure,      kinetic,       potential,      energy,       density
            1,  0.400000E-02,  0.895919E+04,  0.198576E+03, -0.590445E+04,  0.547872E+03, -0.338671E+04, -0.283884E+04,  0.103178E+01
            2,  0.900000E-02,  0.895874E+04,  0.200580E+03,  0.577691E+04,  0.553401E+03, -0.339213E+04, -0.283872E+04,  0.103183E+01
