     step,          time,         volume,      temperature,    pressure,      kinetic,       potential,      energy,       density
            1,  0.999000E-01,  0.884270E+04,  0.516726E+03,  0.301909E+04,  0.142565E+04, -0.332119E+04, -0.189554E+04,  0.104537E+01
