     step,          time,         volume,      temperature,    pressure,      kinetic,       potential,      energy,       density
            1,  0.990000E-02,  0.862289E+04,  0.408853E+03,  0.126298E+05,  0.112803E+04, -0.275918E+04, -0.163115E+04,  0.107202E+01
