     step,          time,         volume,      temperature,    pressure,      kinetic,       potential,      energy,       density
            1,  0.990000E-06,  0.115713E+05,  0.200695E+08,  0.966188E+09,  0.553718E+08,  0.315048E+08,  0.868766E+08,  0.798864E+00
