     step,          time,         volume,      temperature,    pressure,      kinetic,       potential,      energy,       density
            1,  0.990000E-07,  0.501123E+04,  0.300324E+03, -0.218975E+04,  0.828595E+03, -0.224859E+04, -0.141999E+04,  0.184464E+01
