     step,          time,         volume,      temperature,    pressure,      kinetic,       potential,      energy,       density
            1,  0.990000E-01,  0.897817E+04,  0.457093E+03,  0.326546E+05,  0.126112E+04, -0.326449E+04, -0.200337E+04,  0.102960E+01
