     step,          time,         volume,      temperature,    pressure,      kinetic,       potential,      energy,       density
            1,  0.990000E-04,  0.109272E+05,  0.348419E+03, -0.125007E+05,  0.961290E+03, -0.278012E+04, -0.181883E+04,  0.845958E+00
