     step,          time,         volume,      temperature,    pressure,      kinetic,       potential,      energy,       density
            1,  0.990000E-04,  0.109305E+05,  0.351168E+03, -0.840314E+04,  0.968874E+03, -0.297223E+04, -0.200336E+04,  0.845704E+00
