     step,          time,         volume,      temperature,    pressure,      kinetic,       potential,      energy,       density
            1,  0.990000E-05,  0.926100E+04,  0.794708E+09,  0.108892E+11,  0.219260E+10,  0.204680E+07,  0.219465E+10,  0.998157E+00
