     step,          time,         volume,      temperature,    pressure,      kinetic,       potential,      energy,       density
            1,  0.990000E-05,  0.155076E+05,  0.319738E+08,  0.263007E+09,  0.882158E+08,  0.178226E+06,  0.883941E+08,  0.596091E+00
