     step,          time,         volume,      temperature,    pressure,      kinetic,       potential,      energy,       density
            1,  0.990000E-06,  0.922678E+04,  0.361218E+03,  0.223802E+07,  0.996602E+03, -0.342396E+04, -0.242735E+04,  0.100186E+01
