     step,          time,         volume,      temperature,    pressure,      kinetic,       potential,      energy,       density
            1,  0.990000E-06,  0.926101E+04,  0.361228E+03,  0.980792E+04,  0.996631E+03, -0.236779E+03,  0.759853E+03,  0.998156E+00
