     step,          time,         volume,      temperature,    pressure,      kinetic,       potential,      energy,       density
            1,  0.990000E-04,  0.920677E+04,  0.355458E+03, -0.343424E+04,  0.980710E+03, -0.351538E+04, -0.253467E+04,  0.100404E+01
