     step,          time,         volume,      temperature,    pressure,      kinetic,       potential,      energy,       density
            1,  0.999000E-03,  0.109407E+05,  0.304328E+03, -0.111807E+05,  0.839642E+03, -0.318657E+04, -0.234693E+04,  0.844910E+00
