     step,          time,         volume,      temperature,    pressure,      kinetic,       potential,      energy,       density
            1,  0.990000E-01,  0.886730E+04,  0.351121E+03,  0.982713E+03,  0.968744E+03, -0.340947E+04, -0.244073E+04,  0.104247E+01
