     step,          time,         volume,      temperature,    pressure,      kinetic,       potential,      energy,       density
            1,  0.990000E-07,  0.156250E+05,  0.300332E+03,  0.579519E+04,  0.828619E+03,  0.833584E+04,  0.916446E+04,  0.591612E+00
