     step,          time,         volume,      temperature,    pressure,      kinetic,       potential,      energy,       density
            1,  0.100000E-08,  0.926301E+04,  0.720578E+03,  0.442709E+10,  0.198808E+04,  0.177289E+09,  0.177291E+09,  0.997941E+00
