     step,          time,         volume,      temperature,    pressure,      kinetic,       potential,      energy,       density
            1,  0.990000E-06,  0.245554E+05,  0.169031E+07,  0.564213E+10,  0.466357E+07,  0.280221E+07,  0.746577E+07,  0.376451E+00
