     step,          time,         volume,      temperature,    pressure,      kinetic,       potential,      energy,       density
            1,  0.990000E-01,  0.897817E+04,  0.346795E+03, -0.559486E+05,  0.956811E+03, -0.292598E+04, -0.196917E+04,  0.102960E+01
